id;shsts;shfr;shto;shjshm;shbat;shseq;shref;shdis;shlmd;shuid
1;L;25883;87467;70439;47415;96812;Buckinghamshire;2021-12-25;2021-12-25;monitor By
2;O;5851;14705;59680;79412;43573;initiatives Intellig;2021-12-25;2021-12-25;Intranet a
3;B;30529;41369;44596;8374;90626;full-range Hat;2021-12-25;2021-12-25;Human
4;o;87406;2577;92283;47332;92779;turquoise;2021-12-25;2021-12-25;approach q
5;V;14359;51956;53746;64657;97766;Outdoors Haiti;2021-12-25;2021-12-25;impactful 
6;H;41577;8702;24896;60051;37267;plug-and-play firmwa;2021-12-25;2021-12-25;Account
7;m;67859;66145;58751;63282;83423;Rupee parse;2021-12-24;2021-12-25;Cotton
8;e;51770;36052;88403;22016;18359;back AI;2021-12-25;2021-12-25;killer fau
9;c;74451;60752;50922;43757;87994;back-end Swaziland;2021-12-25;2021-12-25;Cotton cop
10;c;56605;30598;25188;12251;57849;repurpose Cotton;2021-12-25;2021-12-25;systems Me
